tienda_id,cadena,formato,zona,factor_trafico,personal_id,cobertura,oos_pct,exhibicion_pct,venta_soles,unidades
T002,Cadena A,Super,Lima Norte,1.12,P06,0.8653846153846154,0.06346153846153846,0.9038461538461539,760166.5000000009,25085.0
T004,Cadena C,Super,Lima Norte,1.17,P16,0.6538461538461539,0.09903846153846153,0.8076923076923077,760722.8999999993,25217.0
T006,Cadena A,Express,Lima Norte,0.51,P26,0.6346153846153846,0.1346153846153846,0.8105769230769231,324763.7000000002,10473.0
T007,Cadena A,Super,Lima Norte,1.01,P01,0.7307692307692307,0.09711538461538462,0.8548076923076923,653305.4000000011,21456.0
T008,Cadena B,Super,Lima Norte,0.81,P06,0.7884615384615384,0.06346153846153846,0.8798076923076923,552090.3000000002,18172.0
T009,Cadena A,Super,Lima Norte,0.88,P11,0.8846153846153846,0.052884615384615384,0.9076923076923077,583366.1,19391.0
T010,Cadena A,Super,Lima Norte,0.92,P16,0.8076923076923077,0.09423076923076923,0.8682692307692308,600687.5999999993,20107.0
T011,Cadena C,Hiper,Lima Norte,2.01,P21,0.6410256410256411,0.09326923076923077,0.8096153846153846,1299795.7000000004,42846.0
T012,Cadena A,Super,Lima Norte,1.18,P26,0.5961538461538461,0.1201923076923077,0.8028846153846154,753334.1000000015,24495.0
T013,Cadena A,Super,Lima Norte,1.16,P01,0.6730769230769231,0.09038461538461538,0.8115384615384615,754960.2999999996,25120.0
T014,Cadena B,Super,Lima Norte,0.93,P06,0.8269230769230769,0.06057692307692308,0.8817307692307692,627138.4999999999,20674.0
T017,Cadena B,Super,Lima Norte,1.05,P21,0.6153846153846154,0.11538461538461539,0.8163461538461538,686836.6,22359.0
T018,Cadena A,Super,Lima Norte,1.0,P26,0.6153846153846154,0.11730769230769231,0.7730769230769231,645307.8000000003,20929.0
T019,Cadena B,Super,Lima Sur,1.03,P02,0.8269230769230769,0.06634615384615385,0.8701923076923077,685439.7000000004,22922.0
T021,Cadena A,Super,Lima Sur,1.0,P12,0.7692307692307693,0.0798076923076923,0.8711538461538462,664811.499999999,21847.0
T023,Cadena A,Hiper,Lima Sur,1.97,P22,0.7307692307692307,0.08461538461538462,0.8605769230769231,1288427.2999999989,42746.0
T028,Cadena A,Super,Lima Sur,0.84,P17,0.8653846153846154,0.075,0.9096153846153846,555111.0000000006,18454.0
T029,Cadena B,Hiper,Lima Sur,1.79,P22,0.717948717948718,0.06538461538461539,0.8365384615384616,1182880.1000000003,39081.0
T030,Cadena B,Super,Lima Sur,1.16,P27,0.5961538461538461,0.12403846153846154,0.7798076923076923,729383.5999999992,23962.0
T031,Cadena A,Express,Lima Sur,0.65,P02,0.8461538461538461,0.09711538461538462,0.8932692307692308,432736.3000000001,14277.0
T034,Cadena C,Super,Lima Sur,0.85,P17,0.6923076923076923,0.09615384615384616,0.8278846153846153,537159.3999999993,18015.0
T035,Cadena A,Super,Lima Centro,1.11,P03,0.7115384615384616,0.08942307692307692,0.823076923076923,724482.1999999993,24000.0
T036,Cadena B,Hiper,Lima Centro,2.06,P08,0.8333333333333334,0.06634615384615385,0.8711538461538462,1374571.2000000014,45235.0
T038,Cadena B,Super,Lima Centro,0.85,P18,0.9423076923076923,0.058653846153846154,0.9317307692307693,586655.7000000008,19111.0
T046,Cadena B,Super,Lima Centro,1.14,P28,0.7307692307692307,0.09519230769230769,0.8509615384615384,747504.6000000008,25083.0
T050,Cadena A,Super,Lima Este,0.91,P09,0.8269230769230769,0.07115384615384615,0.8692307692307693,598097.6999999996,19849.0
T052,Cadena B,Hiper,Lima Este,1.53,P19,0.48717948717948717,0.13557692307692307,0.7355769230769231,962216.3999999998,31640.0
T053,Cadena A,Express,Lima Este,0.48,P24,0.75,0.1125,0.8701923076923077,305096.59999999986,9955.0
T055,Cadena B,Hiper,Lima Este,1.7,P04,0.7435897435897436,0.08942307692307692,0.8432692307692308,1100853.1999999988,36752.0
T057,Cadena A,Hiper,Lima Este,1.59,P14,0.6153846153846154,0.09326923076923077,0.7961538461538461,1033951.2999999993,33870.0
T058,Cadena B,Super,Lima Este,1.18,P19,0.38461538461538464,0.16826923076923078,0.7278846153846154,712713.6000000007,23735.0
T059,Cadena A,Express,Lima Este,0.63,P24,0.7692307692307693,0.11826923076923077,0.8682692307692308,409833.1000000001,13411.0
T060,Cadena C,Hiper,Lima Este,1.65,P29,0.9615384615384616,0.05,0.9394230769230769,1131822.2999999998,37224.0
T062,Cadena A,Express,Provincias,0.58,P10,0.8076923076923077,0.10865384615384616,0.8826923076923077,374143.69999999995,12300.0
T064,Cadena A,Super,Provincias,1.02,P20,0.9230769230769231,0.05480769230769231,0.926923076923077,683402.8999999996,22679.0
T065,Cadena B,Super,Provincias,1.06,P25,0.8461538461538461,0.075,0.9028846153846154,714672.8,23371.0
T066,Cadena C,Super,Provincias,0.87,P30,0.8461538461538461,0.05096153846153846,0.8961538461538462,600957.0,19442.0
T067,Cadena A,Super,Provincias,1.11,P05,0.4230769230769231,0.16346153846153846,0.6846153846153846,687284.8999999993,22645.0
T068,Cadena A,Super,Provincias,1.1,P10,0.8846153846153846,0.06923076923076923,0.9,751750.4000000006,24739.0
T069,Cadena B,Express,Provincias,0.46,P15,0.46153846153846156,0.18173076923076922,0.7375,266648.20000000007,8974.0
T070,Cadena C,Hiper,Provincias,2.07,P20,0.9358974358974359,0.05384615384615385,0.9336538461538462,1435205.0000000007,47177.0
T001,Cadena B,Hiper,Lima Norte,1.78,P01,0.782051282051282,0.0875,0.875,1164392.6999999997,38499.0
T003,Cadena A,Express,Lima Norte,0.58,P11,0.8653846153846154,0.1,0.9,378354.3999999996,12368.0
T005,Cadena B,Super,Lima Norte,1.01,P21,0.7115384615384616,0.10192307692307692,0.8423076923076923,660500.8999999998,21716.0
T015,Cadena B,Super,Lima Norte,0.89,P11,0.9038461538461539,0.06153846153846154,0.9144230769230769,615398.3000000005,20001.0
T016,Cadena B,Super,Lima Norte,0.88,P16,0.75,0.08653846153846154,0.8730769230769231,579872.9999999995,19017.0
T020,Cadena A,Super,Lima Sur,1.12,P07,0.7115384615384616,0.09711538461538462,0.8336538461538462,718789.6000000009,23909.0
T022,Cadena C,Hiper,Lima Sur,2.15,P17,0.782051282051282,0.05576923076923077,0.8528846153846154,1451951.2,47555.0
T024,Cadena B,Super,Lima Sur,0.97,P27,0.6730769230769231,0.10961538461538461,0.8269230769230769,622508.1000000001,20698.0
T025,Cadena C,Express,Lima Sur,0.64,P02,0.8269230769230769,0.10288461538461538,0.8778846153846154,422616.2999999999,13948.0
T026,Cadena A,Super,Lima Sur,1.18,P07,0.8461538461538461,0.06923076923076923,0.8913461538461539,803471.4,26274.0
T027,Cadena A,Hiper,Lima Sur,1.64,P12,0.7692307692307693,0.07211538461538461,0.8692307692307693,1088959.3000000005,35993.0
T032,Cadena B,Express,Lima Sur,0.59,P07,0.7307692307692307,0.12692307692307692,0.8355769230769231,374762.40000000014,12354.0
T033,Cadena C,Super,Lima Sur,0.89,P12,0.75,0.09038461538461538,0.8413461538461539,585224.6999999997,19238.0
T037,Cadena A,Super,Lima Centro,1.06,P13,0.8269230769230769,0.06538461538461539,0.8701923076923077,726165.7000000004,23608.0
T039,Cadena A,Super,Lima Centro,0.83,P23,0.9230769230769231,0.047115384615384615,0.9173076923076923,572087.9000000001,18910.0
T040,Cadena A,Super,Lima Centro,1.01,P28,0.7307692307692307,0.07692307692307693,0.8394230769230769,683230.4999999998,22438.0
T041,Cadena C,Super,Lima Centro,0.94,P03,0.7884615384615384,0.07307692307692308,0.8846153846153846,623180.6999999998,20628.0
T042,Cadena A,Super,Lima Centro,0.85,P08,0.8653846153846154,0.06442307692307692,0.8903846153846153,571885.8000000003,18899.0
T043,Cadena C,Super,Lima Centro,0.99,P13,0.7115384615384616,0.09134615384615384,0.8509615384615384,652483.4000000001,21429.0
T044,Cadena C,Super,Lima Centro,1.08,P18,0.9807692307692307,0.05384615384615385,0.9394230769230769,735910.300000001,24475.0
T045,Cadena C,Super,Lima Centro,0.89,P23,0.8653846153846154,0.06153846153846154,0.9173076923076923,613684.3,20337.0
T047,Cadena B,Super,Lima Centro,1.04,P03,0.7692307692307693,0.08846153846153847,0.8548076923076923,674986.5999999999,22089.0
T048,Cadena A,Super,Lima Centro,0.94,P08,0.8653846153846154,0.05576923076923077,0.8942307692307693,645277.1,21203.0
T049,Cadena A,Express,Lima Este,0.47,P04,0.6730769230769231,0.12884615384615383,0.8192307692307692,301443.1000000001,9845.0
T051,Cadena A,Express,Lima Este,0.57,P14,0.6153846153846154,0.14711538461538462,0.7923076923076923,357570.8999999993,11590.0
T054,Cadena B,Express,Lima Este,0.54,P29,1.0,0.052884615384615384,0.9461538461538461,375123.60000000015,12226.0
T056,Cadena C,Hiper,Lima Este,1.46,P09,0.7948717948717948,0.07115384615384615,0.8548076923076923,1001365.500000001,32644.0
T061,Cadena B,Super,Provincias,1.14,P05,0.3076923076923077,0.18557692307692308,0.6673076923076923,668247.6000000002,21989.0
T063,Cadena A,Super,Provincias,1.07,P15,0.5769230769230769,0.14423076923076922,0.7836538461538461,670224.2000000002,22255.0
T071,Cadena B,Hiper,Provincias,1.63,P25,0.8076923076923077,0.058653846153846154,0.8865384615384615,1110847.3999999987,36147.0
T072,Cadena A,Super,Provincias,0.91,P30,0.9615384615384616,0.052884615384615384,0.9259615384615385,627085.0000000001,20294.0
