personal_id,rol,zona,tiendas_asignadas,cobertura,oos_pct,venta_soles
P05,Mercaderista,Provincias,2,0.3653846153846154,0.17451923076923076,1355532.4999999995
P19,Promotor,Lima Este,2,0.4358974358974359,0.15192307692307694,1674930.0000000005
P15,Mercaderista,Provincias,2,0.5192307692307692,0.1629807692307692,936872.4000000003
P14,Mercaderista,Lima Este,2,0.6153846153846154,0.1201923076923077,1391522.1999999988
P26,Promotor,Lima Norte,3,0.6153846153846154,0.12403846153846154,1723405.600000002
P27,Promotor,Lima Sur,2,0.6346153846153846,0.11682692307692308,1351891.6999999993
P21,Promotor,Lima Norte,3,0.655982905982906,0.10352564102564103,2647133.2
P04,Mercaderista,Lima Este,2,0.7083333333333334,0.10913461538461539,1402296.2999999989
P22,Promotor,Lima Sur,2,0.7243589743589743,0.07500000000000001,2471307.3999999994
P01,Mercaderista,Lima Norte,3,0.7286324786324786,0.09166666666666667,2572658.4000000004
P28,Promotor,Lima Centro,2,0.7307692307692307,0.08605769230769231,1430735.1000000006
P16,Mercaderista,Lima Norte,3,0.7371794871794872,0.09326923076923077,1941283.4999999981
P03,Mercaderista,Lima Centro,3,0.7564102564102564,0.08365384615384615,2022649.499999999
P24,Promotor,Lima Este,2,0.7596153846153846,0.11538461538461539,714929.7
P07,Mercaderista,Lima Sur,3,0.7628205128205128,0.09775641025641026,1897023.4000000013
P12,Mercaderista,Lima Sur,3,0.7628205128205128,0.08076923076923076,2338995.499999999
P13,Mercaderista,Lima Centro,2,0.7692307692307692,0.07836538461538461,1378649.1000000006
P17,Mercaderista,Lima Sur,3,0.7799145299145299,0.07564102564102564,2544221.5999999996
P09,Mercaderista,Lima Este,2,0.8108974358974359,0.07115384615384615,1599463.2000000007
P25,Promotor,Provincias,2,0.8269230769230769,0.06682692307692308,1825520.1999999988
P06,Mercaderista,Lima Norte,3,0.826923076923077,0.0625,1939395.300000001
P02,Mercaderista,Lima Sur,3,0.8333333333333334,0.08878205128205129,1540792.3000000003
P10,Mercaderista,Provincias,2,0.8461538461538461,0.0889423076923077,1125894.1000000006
P08,Mercaderista,Lima Centro,3,0.8547008547008548,0.06217948717948718,2591734.1000000015
P11,Mercaderista,Lima Norte,3,0.8846153846153846,0.07147435897435898,1577118.8
P23,Promotor,Lima Centro,2,0.8942307692307693,0.05432692307692308,1185772.2000000002
P30,Promotor,Provincias,2,0.9038461538461539,0.05192307692307692,1228042.0
P20,Promotor,Provincias,2,0.9294871794871795,0.05432692307692308,2118607.9000000004
P18,Mercaderista,Lima Centro,2,0.9615384615384615,0.05625,1322566.0000000019
P29,Promotor,Lima Este,2,0.9807692307692308,0.05144230769230769,1506945.9
