semana,tienda_id,personal_id,visitas_plan,visitas_ejec
2026-01-05,T001,P01,3,2
2026-01-05,T002,P06,2,1
2026-01-05,T003,P11,2,2
2026-01-05,T004,P16,2,1
2026-01-05,T005,P21,2,2
2026-01-05,T006,P26,2,2
2026-01-05,T007,P01,2,1
2026-01-05,T008,P06,2,2
2026-01-05,T009,P11,2,1
2026-01-05,T010,P16,2,2
2026-01-05,T011,P21,3,2
2026-01-05,T012,P26,2,1
2026-01-05,T013,P01,2,2
2026-01-05,T014,P06,2,2
2026-01-05,T015,P11,2,2
2026-01-05,T016,P16,2,1
2026-01-05,T017,P21,2,2
2026-01-05,T018,P26,2,1
2026-01-05,T019,P02,2,2
2026-01-05,T020,P07,2,1
2026-01-05,T021,P12,2,2
2026-01-05,T022,P17,3,3
2026-01-05,T023,P22,3,2
2026-01-05,T024,P27,2,2
2026-01-05,T025,P02,2,1
2026-01-05,T026,P07,2,2
2026-01-05,T027,P12,3,2
2026-01-05,T028,P17,2,1
2026-01-05,T029,P22,3,1
2026-01-05,T030,P27,2,0
2026-01-05,T031,P02,2,1
2026-01-05,T032,P07,2,2
2026-01-05,T033,P12,2,2
2026-01-05,T034,P17,2,0
2026-01-05,T035,P03,2,2
2026-01-05,T036,P08,3,3
2026-01-05,T037,P13,2,2
2026-01-05,T038,P18,2,2
2026-01-05,T039,P23,2,2
2026-01-05,T040,P28,2,2
2026-01-05,T041,P03,2,2
2026-01-05,T042,P08,2,2
2026-01-05,T043,P13,2,2
2026-01-05,T044,P18,2,2
2026-01-05,T045,P23,2,2
2026-01-05,T046,P28,2,1
2026-01-05,T047,P03,2,2
2026-01-05,T048,P08,2,2
2026-01-05,T049,P04,2,0
2026-01-05,T050,P09,2,1
2026-01-05,T051,P14,2,2
2026-01-05,T052,P19,3,1
2026-01-05,T053,P24,2,1
2026-01-05,T054,P29,2,2
2026-01-05,T055,P04,3,1
2026-01-05,T056,P09,3,2
2026-01-05,T057,P14,3,1
2026-01-05,T058,P19,2,2
2026-01-05,T059,P24,2,2
2026-01-05,T060,P29,3,3
2026-01-05,T061,P05,2,1
2026-01-05,T062,P10,2,1
2026-01-05,T063,P15,2,0
2026-01-05,T064,P20,2,2
2026-01-05,T065,P25,2,2
2026-01-05,T066,P30,2,1
2026-01-05,T067,P05,2,0
2026-01-05,T068,P10,2,1
2026-01-05,T069,P15,2,0
2026-01-05,T070,P20,3,3
2026-01-05,T071,P25,3,3
2026-01-05,T072,P30,2,2
2026-01-12,T001,P01,3,2
2026-01-12,T002,P06,2,2
2026-01-12,T003,P11,2,2
2026-01-12,T004,P16,2,1
2026-01-12,T005,P21,2,1
2026-01-12,T006,P26,2,2
2026-01-12,T007,P01,2,1
2026-01-12,T008,P06,2,2
2026-01-12,T009,P11,2,1
2026-01-12,T010,P16,2,1
2026-01-12,T011,P21,3,2
2026-01-12,T012,P26,2,1
2026-01-12,T013,P01,2,2
2026-01-12,T014,P06,2,2
2026-01-12,T015,P11,2,2
2026-01-12,T016,P16,2,2
2026-01-12,T017,P21,2,1
2026-01-12,T018,P26,2,2
2026-01-12,T019,P02,2,1
2026-01-12,T020,P07,2,2
2026-01-12,T021,P12,2,2
2026-01-12,T022,P17,3,3
2026-01-12,T023,P22,3,1
2026-01-12,T024,P27,2,2
2026-01-12,T025,P02,2,2
2026-01-12,T026,P07,2,1
2026-01-12,T027,P12,3,2
2026-01-12,T028,P17,2,2
2026-01-12,T029,P22,3,2
2026-01-12,T030,P27,2,1
2026-01-12,T031,P02,2,2
2026-01-12,T032,P07,2,2
2026-01-12,T033,P12,2,2
2026-01-12,T034,P17,2,2
2026-01-12,T035,P03,2,1
2026-01-12,T036,P08,3,2
2026-01-12,T037,P13,2,2
2026-01-12,T038,P18,2,2
2026-01-12,T039,P23,2,2
2026-01-12,T040,P28,2,1
2026-01-12,T041,P03,2,2
2026-01-12,T042,P08,2,2
2026-01-12,T043,P13,2,0
2026-01-12,T044,P18,2,2
2026-01-12,T045,P23,2,2
2026-01-12,T046,P28,2,1
2026-01-12,T047,P03,2,1
2026-01-12,T048,P08,2,2
2026-01-12,T049,P04,2,2
2026-01-12,T050,P09,2,2
2026-01-12,T051,P14,2,0
2026-01-12,T052,P19,3,1
2026-01-12,T053,P24,2,1
2026-01-12,T054,P29,2,2
2026-01-12,T055,P04,3,2
2026-01-12,T056,P09,3,3
2026-01-12,T057,P14,3,2
2026-01-12,T058,P19,2,1
2026-01-12,T059,P24,2,1
2026-01-12,T060,P29,3,3
2026-01-12,T061,P05,2,1
2026-01-12,T062,P10,2,2
2026-01-12,T063,P15,2,1
2026-01-12,T064,P20,2,2
2026-01-12,T065,P25,2,1
2026-01-12,T066,P30,2,2
2026-01-12,T067,P05,2,1
2026-01-12,T068,P10,2,2
2026-01-12,T069,P15,2,1
2026-01-12,T070,P20,3,3
2026-01-12,T071,P25,3,2
2026-01-12,T072,P30,2,1
2026-01-19,T001,P01,3,3
2026-01-19,T002,P06,2,1
2026-01-19,T003,P11,2,2
2026-01-19,T004,P16,2,2
2026-01-19,T005,P21,2,0
2026-01-19,T006,P26,2,1
2026-01-19,T007,P01,2,1
2026-01-19,T008,P06,2,2
2026-01-19,T009,P11,2,2
2026-01-19,T010,P16,2,2
2026-01-19,T011,P21,3,2
2026-01-19,T012,P26,2,0
2026-01-19,T013,P01,2,1
2026-01-19,T014,P06,2,2
2026-01-19,T015,P11,2,2
2026-01-19,T016,P16,2,1
2026-01-19,T017,P21,2,1
2026-01-19,T018,P26,2,1
2026-01-19,T019,P02,2,1
2026-01-19,T020,P07,2,2
2026-01-19,T021,P12,2,1
2026-01-19,T022,P17,3,2
2026-01-19,T023,P22,3,1
2026-01-19,T024,P27,2,1
2026-01-19,T025,P02,2,1
2026-01-19,T026,P07,2,2
2026-01-19,T027,P12,3,3
2026-01-19,T028,P17,2,1
2026-01-19,T029,P22,3,2
2026-01-19,T030,P27,2,2
2026-01-19,T031,P02,2,2
2026-01-19,T032,P07,2,1
2026-01-19,T033,P12,2,2
2026-01-19,T034,P17,2,1
2026-01-19,T035,P03,2,2
2026-01-19,T036,P08,3,2
2026-01-19,T037,P13,2,2
2026-01-19,T038,P18,2,2
2026-01-19,T039,P23,2,2
2026-01-19,T040,P28,2,0
2026-01-19,T041,P03,2,1
2026-01-19,T042,P08,2,2
2026-01-19,T043,P13,2,1
2026-01-19,T044,P18,2,2
2026-01-19,T045,P23,2,2
2026-01-19,T046,P28,2,1
2026-01-19,T047,P03,2,1
2026-01-19,T048,P08,2,2
2026-01-19,T049,P04,2,0
2026-01-19,T050,P09,2,2
2026-01-19,T051,P14,2,1
2026-01-19,T052,P19,3,1
2026-01-19,T053,P24,2,2
2026-01-19,T054,P29,2,2
2026-01-19,T055,P04,3,3
2026-01-19,T056,P09,3,3
2026-01-19,T057,P14,3,1
2026-01-19,T058,P19,2,0
2026-01-19,T059,P24,2,2
2026-01-19,T060,P29,3,3
2026-01-19,T061,P05,2,1
2026-01-19,T062,P10,2,2
2026-01-19,T063,P15,2,1
2026-01-19,T064,P20,2,2
2026-01-19,T065,P25,2,2
2026-01-19,T066,P30,2,2
2026-01-19,T067,P05,2,1
2026-01-19,T068,P10,2,2
2026-01-19,T069,P15,2,1
2026-01-19,T070,P20,3,3
2026-01-19,T071,P25,3,1
2026-01-19,T072,P30,2,2
2026-01-26,T001,P01,3,2
2026-01-26,T002,P06,2,2
2026-01-26,T003,P11,2,1
2026-01-26,T004,P16,2,1
2026-01-26,T005,P21,2,2
2026-01-26,T006,P26,2,1
2026-01-26,T007,P01,2,1
2026-01-26,T008,P06,2,2
2026-01-26,T009,P11,2,2
2026-01-26,T010,P16,2,2
2026-01-26,T011,P21,3,2
2026-01-26,T012,P26,2,1
2026-01-26,T013,P01,2,2
2026-01-26,T014,P06,2,2
2026-01-26,T015,P11,2,2
2026-01-26,T016,P16,2,2
2026-01-26,T017,P21,2,1
2026-01-26,T018,P26,2,1
2026-01-26,T019,P02,2,1
2026-01-26,T020,P07,2,2
2026-01-26,T021,P12,2,2
2026-01-26,T022,P17,3,3
2026-01-26,T023,P22,3,3
2026-01-26,T024,P27,2,2
2026-01-26,T025,P02,2,2
2026-01-26,T026,P07,2,2
2026-01-26,T027,P12,3,2
2026-01-26,T028,P17,2,2
2026-01-26,T029,P22,3,3
2026-01-26,T030,P27,2,1
2026-01-26,T031,P02,2,2
2026-01-26,T032,P07,2,0
2026-01-26,T033,P12,2,1
2026-01-26,T034,P17,2,2
2026-01-26,T035,P03,2,1
2026-01-26,T036,P08,3,3
2026-01-26,T037,P13,2,2
2026-01-26,T038,P18,2,2
2026-01-26,T039,P23,2,2
2026-01-26,T040,P28,2,1
2026-01-26,T041,P03,2,1
2026-01-26,T042,P08,2,1
2026-01-26,T043,P13,2,2
2026-01-26,T044,P18,2,2
2026-01-26,T045,P23,2,1
2026-01-26,T046,P28,2,2
2026-01-26,T047,P03,2,2
2026-01-26,T048,P08,2,2
2026-01-26,T049,P04,2,1
2026-01-26,T050,P09,2,2
2026-01-26,T051,P14,2,1
2026-01-26,T052,P19,3,0
2026-01-26,T053,P24,2,0
2026-01-26,T054,P29,2,2
2026-01-26,T055,P04,3,1
2026-01-26,T056,P09,3,3
2026-01-26,T057,P14,3,1
2026-01-26,T058,P19,2,1
2026-01-26,T059,P24,2,0
2026-01-26,T060,P29,3,3
2026-01-26,T061,P05,2,2
2026-01-26,T062,P10,2,2
2026-01-26,T063,P15,2,0
2026-01-26,T064,P20,2,2
2026-01-26,T065,P25,2,1
2026-01-26,T066,P30,2,2
2026-01-26,T067,P05,2,1
2026-01-26,T068,P10,2,2
2026-01-26,T069,P15,2,1
2026-01-26,T070,P20,3,3
2026-01-26,T071,P25,3,3
2026-01-26,T072,P30,2,2
2026-02-02,T001,P01,3,2
2026-02-02,T002,P06,2,1
2026-02-02,T003,P11,2,1
2026-02-02,T004,P16,2,1
2026-02-02,T005,P21,2,2
2026-02-02,T006,P26,2,2
2026-02-02,T007,P01,2,2
2026-02-02,T008,P06,2,1
2026-02-02,T009,P11,2,2
2026-02-02,T010,P16,2,2
2026-02-02,T011,P21,3,2
2026-02-02,T012,P26,2,1
2026-02-02,T013,P01,2,0
2026-02-02,T014,P06,2,2
2026-02-02,T015,P11,2,2
2026-02-02,T016,P16,2,1
2026-02-02,T017,P21,2,2
2026-02-02,T018,P26,2,1
2026-02-02,T019,P02,2,1
2026-02-02,T020,P07,2,1
2026-02-02,T021,P12,2,1
2026-02-02,T022,P17,3,3
2026-02-02,T023,P22,3,1
2026-02-02,T024,P27,2,2
2026-02-02,T025,P02,2,1
2026-02-02,T026,P07,2,2
2026-02-02,T027,P12,3,2
2026-02-02,T028,P17,2,2
2026-02-02,T029,P22,3,1
2026-02-02,T030,P27,2,1
2026-02-02,T031,P02,2,2
2026-02-02,T032,P07,2,2
2026-02-02,T033,P12,2,2
2026-02-02,T034,P17,2,2
2026-02-02,T035,P03,2,2
2026-02-02,T036,P08,3,3
2026-02-02,T037,P13,2,2
2026-02-02,T038,P18,2,2
2026-02-02,T039,P23,2,1
2026-02-02,T040,P28,2,2
2026-02-02,T041,P03,2,2
2026-02-02,T042,P08,2,2
2026-02-02,T043,P13,2,2
2026-02-02,T044,P18,2,2
2026-02-02,T045,P23,2,2
2026-02-02,T046,P28,2,2
2026-02-02,T047,P03,2,1
2026-02-02,T048,P08,2,1
2026-02-02,T049,P04,2,2
2026-02-02,T050,P09,2,2
2026-02-02,T051,P14,2,1
2026-02-02,T052,P19,3,2
2026-02-02,T053,P24,2,2
2026-02-02,T054,P29,2,2
2026-02-02,T055,P04,3,2
2026-02-02,T056,P09,3,2
2026-02-02,T057,P14,3,3
2026-02-02,T058,P19,2,1
2026-02-02,T059,P24,2,2
2026-02-02,T060,P29,3,2
2026-02-02,T061,P05,2,0
2026-02-02,T062,P10,2,2
2026-02-02,T063,P15,2,1
2026-02-02,T064,P20,2,1
2026-02-02,T065,P25,2,2
2026-02-02,T066,P30,2,0
2026-02-02,T067,P05,2,1
2026-02-02,T068,P10,2,2
2026-02-02,T069,P15,2,0
2026-02-02,T070,P20,3,2
2026-02-02,T071,P25,3,2
2026-02-02,T072,P30,2,2
2026-02-09,T001,P01,3,3
2026-02-09,T002,P06,2,2
2026-02-09,T003,P11,2,1
2026-02-09,T004,P16,2,1
2026-02-09,T005,P21,2,2
2026-02-09,T006,P26,2,2
2026-02-09,T007,P01,2,2
2026-02-09,T008,P06,2,2
2026-02-09,T009,P11,2,2
2026-02-09,T010,P16,2,2
2026-02-09,T011,P21,3,3
2026-02-09,T012,P26,2,1
2026-02-09,T013,P01,2,1
2026-02-09,T014,P06,2,1
2026-02-09,T015,P11,2,2
2026-02-09,T016,P16,2,2
2026-02-09,T017,P21,2,2
2026-02-09,T018,P26,2,1
2026-02-09,T019,P02,2,2
2026-02-09,T020,P07,2,1
2026-02-09,T021,P12,2,2
2026-02-09,T022,P17,3,2
2026-02-09,T023,P22,3,3
2026-02-09,T024,P27,2,1
2026-02-09,T025,P02,2,2
2026-02-09,T026,P07,2,2
2026-02-09,T027,P12,3,1
2026-02-09,T028,P17,2,2
2026-02-09,T029,P22,3,3
2026-02-09,T030,P27,2,1
2026-02-09,T031,P02,2,1
2026-02-09,T032,P07,2,2
2026-02-09,T033,P12,2,2
2026-02-09,T034,P17,2,2
2026-02-09,T035,P03,2,1
2026-02-09,T036,P08,3,3
2026-02-09,T037,P13,2,1
2026-02-09,T038,P18,2,2
2026-02-09,T039,P23,2,2
2026-02-09,T040,P28,2,1
2026-02-09,T041,P03,2,2
2026-02-09,T042,P08,2,2
2026-02-09,T043,P13,2,2
2026-02-09,T044,P18,2,2
2026-02-09,T045,P23,2,2
2026-02-09,T046,P28,2,2
2026-02-09,T047,P03,2,1
2026-02-09,T048,P08,2,1
2026-02-09,T049,P04,2,2
2026-02-09,T050,P09,2,2
2026-02-09,T051,P14,2,1
2026-02-09,T052,P19,3,2
2026-02-09,T053,P24,2,2
2026-02-09,T054,P29,2,2
2026-02-09,T055,P04,3,3
2026-02-09,T056,P09,3,1
2026-02-09,T057,P14,3,2
2026-02-09,T058,P19,2,0
2026-02-09,T059,P24,2,1
2026-02-09,T060,P29,3,3
2026-02-09,T061,P05,2,1
2026-02-09,T062,P10,2,2
2026-02-09,T063,P15,2,0
2026-02-09,T064,P20,2,2
2026-02-09,T065,P25,2,2
2026-02-09,T066,P30,2,1
2026-02-09,T067,P05,2,1
2026-02-09,T068,P10,2,1
2026-02-09,T069,P15,2,1
2026-02-09,T070,P20,3,3
2026-02-09,T071,P25,3,3
2026-02-09,T072,P30,2,2
2026-02-16,T001,P01,3,2
2026-02-16,T002,P06,2,2
2026-02-16,T003,P11,2,2
2026-02-16,T004,P16,2,1
2026-02-16,T005,P21,2,0
2026-02-16,T006,P26,2,0
2026-02-16,T007,P01,2,2
2026-02-16,T008,P06,2,1
2026-02-16,T009,P11,2,1
2026-02-16,T010,P16,2,2
2026-02-16,T011,P21,3,1
2026-02-16,T012,P26,2,2
2026-02-16,T013,P01,2,1
2026-02-16,T014,P06,2,2
2026-02-16,T015,P11,2,2
2026-02-16,T016,P16,2,0
2026-02-16,T017,P21,2,2
2026-02-16,T018,P26,2,1
2026-02-16,T019,P02,2,1
2026-02-16,T020,P07,2,0
2026-02-16,T021,P12,2,2
2026-02-16,T022,P17,3,2
2026-02-16,T023,P22,3,3
2026-02-16,T024,P27,2,2
2026-02-16,T025,P02,2,2
2026-02-16,T026,P07,2,2
2026-02-16,T027,P12,3,3
2026-02-16,T028,P17,2,2
2026-02-16,T029,P22,3,3
2026-02-16,T030,P27,2,1
2026-02-16,T031,P02,2,2
2026-02-16,T032,P07,2,2
2026-02-16,T033,P12,2,1
2026-02-16,T034,P17,2,1
2026-02-16,T035,P03,2,2
2026-02-16,T036,P08,3,2
2026-02-16,T037,P13,2,2
2026-02-16,T038,P18,2,2
2026-02-16,T039,P23,2,1
2026-02-16,T040,P28,2,2
2026-02-16,T041,P03,2,2
2026-02-16,T042,P08,2,1
2026-02-16,T043,P13,2,1
2026-02-16,T044,P18,2,2
2026-02-16,T045,P23,2,1
2026-02-16,T046,P28,2,1
2026-02-16,T047,P03,2,2
2026-02-16,T048,P08,2,2
2026-02-16,T049,P04,2,2
2026-02-16,T050,P09,2,1
2026-02-16,T051,P14,2,2
2026-02-16,T052,P19,3,2
2026-02-16,T053,P24,2,1
2026-02-16,T054,P29,2,2
2026-02-16,T055,P04,3,2
2026-02-16,T056,P09,3,3
2026-02-16,T057,P14,3,2
2026-02-16,T058,P19,2,0
2026-02-16,T059,P24,2,2
2026-02-16,T060,P29,3,3
2026-02-16,T061,P05,2,0
2026-02-16,T062,P10,2,1
2026-02-16,T063,P15,2,2
2026-02-16,T064,P20,2,2
2026-02-16,T065,P25,2,1
2026-02-16,T066,P30,2,1
2026-02-16,T067,P05,2,2
2026-02-16,T068,P10,2,1
2026-02-16,T069,P15,2,0
2026-02-16,T070,P20,3,3
2026-02-16,T071,P25,3,3
2026-02-16,T072,P30,2,2
2026-02-23,T001,P01,3,3
2026-02-23,T002,P06,2,2
2026-02-23,T003,P11,2,1
2026-02-23,T004,P16,2,0
2026-02-23,T005,P21,2,1
2026-02-23,T006,P26,2,2
2026-02-23,T007,P01,2,2
2026-02-23,T008,P06,2,2
2026-02-23,T009,P11,2,2
2026-02-23,T010,P16,2,1
2026-02-23,T011,P21,3,2
2026-02-23,T012,P26,2,1
2026-02-23,T013,P01,2,2
2026-02-23,T014,P06,2,0
2026-02-23,T015,P11,2,2
2026-02-23,T016,P16,2,2
2026-02-23,T017,P21,2,1
2026-02-23,T018,P26,2,2
2026-02-23,T019,P02,2,2
2026-02-23,T020,P07,2,2
2026-02-23,T021,P12,2,1
2026-02-23,T022,P17,3,3
2026-02-23,T023,P22,3,3
2026-02-23,T024,P27,2,1
2026-02-23,T025,P02,2,1
2026-02-23,T026,P07,2,1
2026-02-23,T027,P12,3,3
2026-02-23,T028,P17,2,2
2026-02-23,T029,P22,3,2
2026-02-23,T030,P27,2,2
2026-02-23,T031,P02,2,2
2026-02-23,T032,P07,2,1
2026-02-23,T033,P12,2,1
2026-02-23,T034,P17,2,1
2026-02-23,T035,P03,2,2
2026-02-23,T036,P08,3,2
2026-02-23,T037,P13,2,2
2026-02-23,T038,P18,2,2
2026-02-23,T039,P23,2,2
2026-02-23,T040,P28,2,2
2026-02-23,T041,P03,2,1
2026-02-23,T042,P08,2,1
2026-02-23,T043,P13,2,2
2026-02-23,T044,P18,2,2
2026-02-23,T045,P23,2,2
2026-02-23,T046,P28,2,1
2026-02-23,T047,P03,2,1
2026-02-23,T048,P08,2,2
2026-02-23,T049,P04,2,1
2026-02-23,T050,P09,2,2
2026-02-23,T051,P14,2,2
2026-02-23,T052,P19,3,1
2026-02-23,T053,P24,2,1
2026-02-23,T054,P29,2,2
2026-02-23,T055,P04,3,3
2026-02-23,T056,P09,3,3
2026-02-23,T057,P14,3,2
2026-02-23,T058,P19,2,2
2026-02-23,T059,P24,2,2
2026-02-23,T060,P29,3,3
2026-02-23,T061,P05,2,0
2026-02-23,T062,P10,2,2
2026-02-23,T063,P15,2,1
2026-02-23,T064,P20,2,2
2026-02-23,T065,P25,2,2
2026-02-23,T066,P30,2,1
2026-02-23,T067,P05,2,1
2026-02-23,T068,P10,2,2
2026-02-23,T069,P15,2,1
2026-02-23,T070,P20,3,2
2026-02-23,T071,P25,3,2
2026-02-23,T072,P30,2,2
2026-03-02,T001,P01,3,3
2026-03-02,T002,P06,2,2
2026-03-02,T003,P11,2,2
2026-03-02,T004,P16,2,1
2026-03-02,T005,P21,2,2
2026-03-02,T006,P26,2,1
2026-03-02,T007,P01,2,2
2026-03-02,T008,P06,2,2
2026-03-02,T009,P11,2,2
2026-03-02,T010,P16,2,2
2026-03-02,T011,P21,3,3
2026-03-02,T012,P26,2,2
2026-03-02,T013,P01,2,1
2026-03-02,T014,P06,2,2
2026-03-02,T015,P11,2,1
2026-03-02,T016,P16,2,2
2026-03-02,T017,P21,2,2
2026-03-02,T018,P26,2,0
2026-03-02,T019,P02,2,2
2026-03-02,T020,P07,2,0
2026-03-02,T021,P12,2,2
2026-03-02,T022,P17,3,3
2026-03-02,T023,P22,3,2
2026-03-02,T024,P27,2,1
2026-03-02,T025,P02,2,1
2026-03-02,T026,P07,2,2
2026-03-02,T027,P12,3,3
2026-03-02,T028,P17,2,1
2026-03-02,T029,P22,3,1
2026-03-02,T030,P27,2,0
2026-03-02,T031,P02,2,1
2026-03-02,T032,P07,2,0
2026-03-02,T033,P12,2,2
2026-03-02,T034,P17,2,0
2026-03-02,T035,P03,2,2
2026-03-02,T036,P08,3,2
2026-03-02,T037,P13,2,2
2026-03-02,T038,P18,2,2
2026-03-02,T039,P23,2,2
2026-03-02,T040,P28,2,2
2026-03-02,T041,P03,2,1
2026-03-02,T042,P08,2,2
2026-03-02,T043,P13,2,2
2026-03-02,T044,P18,2,2
2026-03-02,T045,P23,2,2
2026-03-02,T046,P28,2,2
2026-03-02,T047,P03,2,2
2026-03-02,T048,P08,2,2
2026-03-02,T049,P04,2,1
2026-03-02,T050,P09,2,2
2026-03-02,T051,P14,2,2
2026-03-02,T052,P19,3,3
2026-03-02,T053,P24,2,2
2026-03-02,T054,P29,2,2
2026-03-02,T055,P04,3,2
2026-03-02,T056,P09,3,3
2026-03-02,T057,P14,3,3
2026-03-02,T058,P19,2,0
2026-03-02,T059,P24,2,2
2026-03-02,T060,P29,3,3
2026-03-02,T061,P05,2,0
2026-03-02,T062,P10,2,2
2026-03-02,T063,P15,2,2
2026-03-02,T064,P20,2,2
2026-03-02,T065,P25,2,2
2026-03-02,T066,P30,2,2
2026-03-02,T067,P05,2,1
2026-03-02,T068,P10,2,2
2026-03-02,T069,P15,2,0
2026-03-02,T070,P20,3,3
2026-03-02,T071,P25,3,3
2026-03-02,T072,P30,2,2
2026-03-09,T001,P01,3,2
2026-03-09,T002,P06,2,2
2026-03-09,T003,P11,2,2
2026-03-09,T004,P16,2,1
2026-03-09,T005,P21,2,1
2026-03-09,T006,P26,2,1
2026-03-09,T007,P01,2,1
2026-03-09,T008,P06,2,2
2026-03-09,T009,P11,2,1
2026-03-09,T010,P16,2,0
2026-03-09,T011,P21,3,2
2026-03-09,T012,P26,2,2
2026-03-09,T013,P01,2,2
2026-03-09,T014,P06,2,1
2026-03-09,T015,P11,2,2
2026-03-09,T016,P16,2,1
2026-03-09,T017,P21,2,2
2026-03-09,T018,P26,2,0
2026-03-09,T019,P02,2,2
2026-03-09,T020,P07,2,2
2026-03-09,T021,P12,2,2
2026-03-09,T022,P17,3,0
2026-03-09,T023,P22,3,3
2026-03-09,T024,P27,2,1
2026-03-09,T025,P02,2,2
2026-03-09,T026,P07,2,2
2026-03-09,T027,P12,3,2
2026-03-09,T028,P17,2,2
2026-03-09,T029,P22,3,3
2026-03-09,T030,P27,2,2
2026-03-09,T031,P02,2,1
2026-03-09,T032,P07,2,2
2026-03-09,T033,P12,2,2
2026-03-09,T034,P17,2,0
2026-03-09,T035,P03,2,2
2026-03-09,T036,P08,3,2
2026-03-09,T037,P13,2,2
2026-03-09,T038,P18,2,1
2026-03-09,T039,P23,2,1
2026-03-09,T040,P28,2,2
2026-03-09,T041,P03,2,2
2026-03-09,T042,P08,2,1
2026-03-09,T043,P13,2,1
2026-03-09,T044,P18,2,2
2026-03-09,T045,P23,2,2
2026-03-09,T046,P28,2,2
2026-03-09,T047,P03,2,2
2026-03-09,T048,P08,2,2
2026-03-09,T049,P04,2,2
2026-03-09,T050,P09,2,2
2026-03-09,T051,P14,2,1
2026-03-09,T052,P19,3,1
2026-03-09,T053,P24,2,2
2026-03-09,T054,P29,2,2
2026-03-09,T055,P04,3,2
2026-03-09,T056,P09,3,2
2026-03-09,T057,P14,3,1
2026-03-09,T058,P19,2,1
2026-03-09,T059,P24,2,2
2026-03-09,T060,P29,3,3
2026-03-09,T061,P05,2,0
2026-03-09,T062,P10,2,2
2026-03-09,T063,P15,2,1
2026-03-09,T064,P20,2,1
2026-03-09,T065,P25,2,1
2026-03-09,T066,P30,2,2
2026-03-09,T067,P05,2,2
2026-03-09,T068,P10,2,2
2026-03-09,T069,P15,2,1
2026-03-09,T070,P20,3,3
2026-03-09,T071,P25,3,3
2026-03-09,T072,P30,2,2
2026-03-16,T001,P01,3,2
2026-03-16,T002,P06,2,2
2026-03-16,T003,P11,2,2
2026-03-16,T004,P16,2,2
2026-03-16,T005,P21,2,1
2026-03-16,T006,P26,2,1
2026-03-16,T007,P01,2,1
2026-03-16,T008,P06,2,2
2026-03-16,T009,P11,2,2
2026-03-16,T010,P16,2,1
2026-03-16,T011,P21,3,0
2026-03-16,T012,P26,2,1
2026-03-16,T013,P01,2,2
2026-03-16,T014,P06,2,2
2026-03-16,T015,P11,2,2
2026-03-16,T016,P16,2,1
2026-03-16,T017,P21,2,2
2026-03-16,T018,P26,2,2
2026-03-16,T019,P02,2,2
2026-03-16,T020,P07,2,1
2026-03-16,T021,P12,2,2
2026-03-16,T022,P17,3,2
2026-03-16,T023,P22,3,1
2026-03-16,T024,P27,2,1
2026-03-16,T025,P02,2,2
2026-03-16,T026,P07,2,2
2026-03-16,T027,P12,3,3
2026-03-16,T028,P17,2,2
2026-03-16,T029,P22,3,1
2026-03-16,T030,P27,2,1
2026-03-16,T031,P02,2,2
2026-03-16,T032,P07,2,2
2026-03-16,T033,P12,2,2
2026-03-16,T034,P17,2,1
2026-03-16,T035,P03,2,2
2026-03-16,T036,P08,3,2
2026-03-16,T037,P13,2,2
2026-03-16,T038,P18,2,2
2026-03-16,T039,P23,2,2
2026-03-16,T040,P28,2,0
2026-03-16,T041,P03,2,2
2026-03-16,T042,P08,2,2
2026-03-16,T043,P13,2,2
2026-03-16,T044,P18,2,2
2026-03-16,T045,P23,2,2
2026-03-16,T046,P28,2,2
2026-03-16,T047,P03,2,0
2026-03-16,T048,P08,2,1
2026-03-16,T049,P04,2,2
2026-03-16,T050,P09,2,0
2026-03-16,T051,P14,2,1
2026-03-16,T052,P19,3,3
2026-03-16,T053,P24,2,1
2026-03-16,T054,P29,2,2
2026-03-16,T055,P04,3,2
2026-03-16,T056,P09,3,3
2026-03-16,T057,P14,3,2
2026-03-16,T058,P19,2,1
2026-03-16,T059,P24,2,2
2026-03-16,T060,P29,3,3
2026-03-16,T061,P05,2,0
2026-03-16,T062,P10,2,0
2026-03-16,T063,P15,2,1
2026-03-16,T064,P20,2,2
2026-03-16,T065,P25,2,2
2026-03-16,T066,P30,2,2
2026-03-16,T067,P05,2,0
2026-03-16,T068,P10,2,2
2026-03-16,T069,P15,2,1
2026-03-16,T070,P20,3,2
2026-03-16,T071,P25,3,2
2026-03-16,T072,P30,2,2
2026-03-23,T001,P01,3,3
2026-03-23,T002,P06,2,2
2026-03-23,T003,P11,2,2
2026-03-23,T004,P16,2,2
2026-03-23,T005,P21,2,2
2026-03-23,T006,P26,2,2
2026-03-23,T007,P01,2,2
2026-03-23,T008,P06,2,1
2026-03-23,T009,P11,2,2
2026-03-23,T010,P16,2,2
2026-03-23,T011,P21,3,1
2026-03-23,T012,P26,2,1
2026-03-23,T013,P01,2,2
2026-03-23,T014,P06,2,1
2026-03-23,T015,P11,2,2
2026-03-23,T016,P16,2,1
2026-03-23,T017,P21,2,1
2026-03-23,T018,P26,2,1
2026-03-23,T019,P02,2,1
2026-03-23,T020,P07,2,1
2026-03-23,T021,P12,2,1
2026-03-23,T022,P17,3,3
2026-03-23,T023,P22,3,2
2026-03-23,T024,P27,2,2
2026-03-23,T025,P02,2,1
2026-03-23,T026,P07,2,2
2026-03-23,T027,P12,3,1
2026-03-23,T028,P17,2,2
2026-03-23,T029,P22,3,3
2026-03-23,T030,P27,2,1
2026-03-23,T031,P02,2,2
2026-03-23,T032,P07,2,2
2026-03-23,T033,P12,2,1
2026-03-23,T034,P17,2,1
2026-03-23,T035,P03,2,2
2026-03-23,T036,P08,3,3
2026-03-23,T037,P13,2,2
2026-03-23,T038,P18,2,2
2026-03-23,T039,P23,2,2
2026-03-23,T040,P28,2,2
2026-03-23,T041,P03,2,1
2026-03-23,T042,P08,2,1
2026-03-23,T043,P13,2,1
2026-03-23,T044,P18,2,2
2026-03-23,T045,P23,2,2
2026-03-23,T046,P28,2,2
2026-03-23,T047,P03,2,2
2026-03-23,T048,P08,2,2
2026-03-23,T049,P04,2,1
2026-03-23,T050,P09,2,2
2026-03-23,T051,P14,2,0
2026-03-23,T052,P19,3,1
2026-03-23,T053,P24,2,2
2026-03-23,T054,P29,2,2
2026-03-23,T055,P04,3,3
2026-03-23,T056,P09,3,3
2026-03-23,T057,P14,3,2
2026-03-23,T058,P19,2,0
2026-03-23,T059,P24,2,0
2026-03-23,T060,P29,3,3
2026-03-23,T061,P05,2,0
2026-03-23,T062,P10,2,2
2026-03-23,T063,P15,2,2
2026-03-23,T064,P20,2,2
2026-03-23,T065,P25,2,1
2026-03-23,T066,P30,2,2
2026-03-23,T067,P05,2,0
2026-03-23,T068,P10,2,1
2026-03-23,T069,P15,2,0
2026-03-23,T070,P20,3,3
2026-03-23,T071,P25,3,2
2026-03-23,T072,P30,2,2
2026-03-30,T001,P01,3,2
2026-03-30,T002,P06,2,0
2026-03-30,T003,P11,2,2
2026-03-30,T004,P16,2,2
2026-03-30,T005,P21,2,2
2026-03-30,T006,P26,2,1
2026-03-30,T007,P01,2,1
2026-03-30,T008,P06,2,1
2026-03-30,T009,P11,2,1
2026-03-30,T010,P16,2,2
2026-03-30,T011,P21,3,1
2026-03-30,T012,P26,2,1
2026-03-30,T013,P01,2,1
2026-03-30,T014,P06,2,2
2026-03-30,T015,P11,2,2
2026-03-30,T016,P16,2,2
2026-03-30,T017,P21,2,2
2026-03-30,T018,P26,2,1
2026-03-30,T019,P02,2,2
2026-03-30,T020,P07,2,2
2026-03-30,T021,P12,2,2
2026-03-30,T022,P17,3,2
2026-03-30,T023,P22,3,2
2026-03-30,T024,P27,2,2
2026-03-30,T025,P02,2,2
2026-03-30,T026,P07,2,1
2026-03-30,T027,P12,3,2
2026-03-30,T028,P17,2,2
2026-03-30,T029,P22,3,3
2026-03-30,T030,P27,2,2
2026-03-30,T031,P02,2,2
2026-03-30,T032,P07,2,2
2026-03-30,T033,P12,2,0
2026-03-30,T034,P17,2,0
2026-03-30,T035,P03,2,0
2026-03-30,T036,P08,3,3
2026-03-30,T037,P13,2,2
2026-03-30,T038,P18,2,2
2026-03-30,T039,P23,2,2
2026-03-30,T040,P28,2,2
2026-03-30,T041,P03,2,2
2026-03-30,T042,P08,2,2
2026-03-30,T043,P13,2,2
2026-03-30,T044,P18,2,2
2026-03-30,T045,P23,2,2
2026-03-30,T046,P28,2,2
2026-03-30,T047,P03,2,2
2026-03-30,T048,P08,2,1
2026-03-30,T049,P04,2,2
2026-03-30,T050,P09,2,1
2026-03-30,T051,P14,2,1
2026-03-30,T052,P19,3,3
2026-03-30,T053,P24,2,2
2026-03-30,T054,P29,2,2
2026-03-30,T055,P04,3,2
2026-03-30,T056,P09,3,2
2026-03-30,T057,P14,3,1
2026-03-30,T058,P19,2,1
2026-03-30,T059,P24,2,1
2026-03-30,T060,P29,3,3
2026-03-30,T061,P05,2,2
2026-03-30,T062,P10,2,1
2026-03-30,T063,P15,2,0
2026-03-30,T064,P20,2,2
2026-03-30,T065,P25,2,2
2026-03-30,T066,P30,2,2
2026-03-30,T067,P05,2,0
2026-03-30,T068,P10,2,2
2026-03-30,T069,P15,2,1
2026-03-30,T070,P20,3,1
2026-03-30,T071,P25,3,2
2026-03-30,T072,P30,2,2
2026-04-06,T001,P01,3,2
2026-04-06,T002,P06,2,2
2026-04-06,T003,P11,2,2
2026-04-06,T004,P16,2,2
2026-04-06,T005,P21,2,2
2026-04-06,T006,P26,2,1
2026-04-06,T007,P01,2,1
2026-04-06,T008,P06,2,0
2026-04-06,T009,P11,2,2
2026-04-06,T010,P16,2,2
2026-04-06,T011,P21,3,3
2026-04-06,T012,P26,2,2
2026-04-06,T013,P01,2,0
2026-04-06,T014,P06,2,2
2026-04-06,T015,P11,2,2
2026-04-06,T016,P16,2,2
2026-04-06,T017,P21,2,1
2026-04-06,T018,P26,2,1
2026-04-06,T019,P02,2,1
2026-04-06,T020,P07,2,1
2026-04-06,T021,P12,2,2
2026-04-06,T022,P17,3,2
2026-04-06,T023,P22,3,3
2026-04-06,T024,P27,2,2
2026-04-06,T025,P02,2,2
2026-04-06,T026,P07,2,2
2026-04-06,T027,P12,3,3
2026-04-06,T028,P17,2,1
2026-04-06,T029,P22,3,2
2026-04-06,T030,P27,2,1
2026-04-06,T031,P02,2,1
2026-04-06,T032,P07,2,1
2026-04-06,T033,P12,2,2
2026-04-06,T034,P17,2,2
2026-04-06,T035,P03,2,1
2026-04-06,T036,P08,3,1
2026-04-06,T037,P13,2,0
2026-04-06,T038,P18,2,2
2026-04-06,T039,P23,2,2
2026-04-06,T040,P28,2,1
2026-04-06,T041,P03,2,1
2026-04-06,T042,P08,2,2
2026-04-06,T043,P13,2,1
2026-04-06,T044,P18,2,2
2026-04-06,T045,P23,2,2
2026-04-06,T046,P28,2,2
2026-04-06,T047,P03,2,1
2026-04-06,T048,P08,2,1
2026-04-06,T049,P04,2,2
2026-04-06,T050,P09,2,2
2026-04-06,T051,P14,2,1
2026-04-06,T052,P19,3,1
2026-04-06,T053,P24,2,2
2026-04-06,T054,P29,2,2
2026-04-06,T055,P04,3,3
2026-04-06,T056,P09,3,3
2026-04-06,T057,P14,3,3
2026-04-06,T058,P19,2,1
2026-04-06,T059,P24,2,1
2026-04-06,T060,P29,3,3
2026-04-06,T061,P05,2,0
2026-04-06,T062,P10,2,1
2026-04-06,T063,P15,2,0
2026-04-06,T064,P20,2,2
2026-04-06,T065,P25,2,2
2026-04-06,T066,P30,2,1
2026-04-06,T067,P05,2,1
2026-04-06,T068,P10,2,2
2026-04-06,T069,P15,2,2
2026-04-06,T070,P20,3,3
2026-04-06,T071,P25,3,2
2026-04-06,T072,P30,2,2
2026-04-13,T001,P01,3,3
2026-04-13,T002,P06,2,2
2026-04-13,T003,P11,2,2
2026-04-13,T004,P16,2,2
2026-04-13,T005,P21,2,2
2026-04-13,T006,P26,2,0
2026-04-13,T007,P01,2,2
2026-04-13,T008,P06,2,1
2026-04-13,T009,P11,2,2
2026-04-13,T010,P16,2,2
2026-04-13,T011,P21,3,3
2026-04-13,T012,P26,2,2
2026-04-13,T013,P01,2,0
2026-04-13,T014,P06,2,2
2026-04-13,T015,P11,2,2
2026-04-13,T016,P16,2,2
2026-04-13,T017,P21,2,1
2026-04-13,T018,P26,2,2
2026-04-13,T019,P02,2,2
2026-04-13,T020,P07,2,1
2026-04-13,T021,P12,2,2
2026-04-13,T022,P17,3,3
2026-04-13,T023,P22,3,3
2026-04-13,T024,P27,2,1
2026-04-13,T025,P02,2,2
2026-04-13,T026,P07,2,2
2026-04-13,T027,P12,3,2
2026-04-13,T028,P17,2,2
2026-04-13,T029,P22,3,3
2026-04-13,T030,P27,2,0
2026-04-13,T031,P02,2,1
2026-04-13,T032,P07,2,2
2026-04-13,T033,P12,2,2
2026-04-13,T034,P17,2,1
2026-04-13,T035,P03,2,1
2026-04-13,T036,P08,3,2
2026-04-13,T037,P13,2,2
2026-04-13,T038,P18,2,2
2026-04-13,T039,P23,2,2
2026-04-13,T040,P28,2,1
2026-04-13,T041,P03,2,2
2026-04-13,T042,P08,2,2
2026-04-13,T043,P13,2,1
2026-04-13,T044,P18,2,2
2026-04-13,T045,P23,2,2
2026-04-13,T046,P28,2,0
2026-04-13,T047,P03,2,1
2026-04-13,T048,P08,2,2
2026-04-13,T049,P04,2,2
2026-04-13,T050,P09,2,2
2026-04-13,T051,P14,2,0
2026-04-13,T052,P19,3,2
2026-04-13,T053,P24,2,1
2026-04-13,T054,P29,2,2
2026-04-13,T055,P04,3,3
2026-04-13,T056,P09,3,2
2026-04-13,T057,P14,3,2
2026-04-13,T058,P19,2,0
2026-04-13,T059,P24,2,2
2026-04-13,T060,P29,3,3
2026-04-13,T061,P05,2,0
2026-04-13,T062,P10,2,2
2026-04-13,T063,P15,2,1
2026-04-13,T064,P20,2,2
2026-04-13,T065,P25,2,2
2026-04-13,T066,P30,2,2
2026-04-13,T067,P05,2,0
2026-04-13,T068,P10,2,2
2026-04-13,T069,P15,2,1
2026-04-13,T070,P20,3,3
2026-04-13,T071,P25,3,3
2026-04-13,T072,P30,2,2
2026-04-20,T001,P01,3,1
2026-04-20,T002,P06,2,2
2026-04-20,T003,P11,2,2
2026-04-20,T004,P16,2,2
2026-04-20,T005,P21,2,2
2026-04-20,T006,P26,2,2
2026-04-20,T007,P01,2,2
2026-04-20,T008,P06,2,2
2026-04-20,T009,P11,2,2
2026-04-20,T010,P16,2,1
2026-04-20,T011,P21,3,2
2026-04-20,T012,P26,2,2
2026-04-20,T013,P01,2,1
2026-04-20,T014,P06,2,2
2026-04-20,T015,P11,2,2
2026-04-20,T016,P16,2,1
2026-04-20,T017,P21,2,1
2026-04-20,T018,P26,2,2
2026-04-20,T019,P02,2,2
2026-04-20,T020,P07,2,2
2026-04-20,T021,P12,2,1
2026-04-20,T022,P17,3,2
2026-04-20,T023,P22,3,2
2026-04-20,T024,P27,2,0
2026-04-20,T025,P02,2,2
2026-04-20,T026,P07,2,2
2026-04-20,T027,P12,3,2
2026-04-20,T028,P17,2,2
2026-04-20,T029,P22,3,2
2026-04-20,T030,P27,2,2
2026-04-20,T031,P02,2,2
2026-04-20,T032,P07,2,2
2026-04-20,T033,P12,2,2
2026-04-20,T034,P17,2,1
2026-04-20,T035,P03,2,2
2026-04-20,T036,P08,3,3
2026-04-20,T037,P13,2,1
2026-04-20,T038,P18,2,1
2026-04-20,T039,P23,2,2
2026-04-20,T040,P28,2,2
2026-04-20,T041,P03,2,2
2026-04-20,T042,P08,2,1
2026-04-20,T043,P13,2,1
2026-04-20,T044,P18,2,2
2026-04-20,T045,P23,2,0
2026-04-20,T046,P28,2,2
2026-04-20,T047,P03,2,2
2026-04-20,T048,P08,2,1
2026-04-20,T049,P04,2,2
2026-04-20,T050,P09,2,2
2026-04-20,T051,P14,2,0
2026-04-20,T052,P19,3,1
2026-04-20,T053,P24,2,0
2026-04-20,T054,P29,2,2
2026-04-20,T055,P04,3,2
2026-04-20,T056,P09,3,2
2026-04-20,T057,P14,3,2
2026-04-20,T058,P19,2,1
2026-04-20,T059,P24,2,2
2026-04-20,T060,P29,3,3
2026-04-20,T061,P05,2,1
2026-04-20,T062,P10,2,1
2026-04-20,T063,P15,2,2
2026-04-20,T064,P20,2,2
2026-04-20,T065,P25,2,2
2026-04-20,T066,P30,2,2
2026-04-20,T067,P05,2,0
2026-04-20,T068,P10,2,2
2026-04-20,T069,P15,2,1
2026-04-20,T070,P20,3,3
2026-04-20,T071,P25,3,2
2026-04-20,T072,P30,2,2
2026-04-27,T001,P01,3,3
2026-04-27,T002,P06,2,2
2026-04-27,T003,P11,2,1
2026-04-27,T004,P16,2,1
2026-04-27,T005,P21,2,1
2026-04-27,T006,P26,2,2
2026-04-27,T007,P01,2,2
2026-04-27,T008,P06,2,1
2026-04-27,T009,P11,2,2
2026-04-27,T010,P16,2,1
2026-04-27,T011,P21,3,1
2026-04-27,T012,P26,2,0
2026-04-27,T013,P01,2,1
2026-04-27,T014,P06,2,2
2026-04-27,T015,P11,2,0
2026-04-27,T016,P16,2,1
2026-04-27,T017,P21,2,0
2026-04-27,T018,P26,2,1
2026-04-27,T019,P02,2,2
2026-04-27,T020,P07,2,1
2026-04-27,T021,P12,2,2
2026-04-27,T022,P17,3,2
2026-04-27,T023,P22,3,2
2026-04-27,T024,P27,2,2
2026-04-27,T025,P02,2,2
2026-04-27,T026,P07,2,1
2026-04-27,T027,P12,3,3
2026-04-27,T028,P17,2,2
2026-04-27,T029,P22,3,3
2026-04-27,T030,P27,2,1
2026-04-27,T031,P02,2,2
2026-04-27,T032,P07,2,0
2026-04-27,T033,P12,2,1
2026-04-27,T034,P17,2,2
2026-04-27,T035,P03,2,1
2026-04-27,T036,P08,3,3
2026-04-27,T037,P13,2,2
2026-04-27,T038,P18,2,1
2026-04-27,T039,P23,2,2
2026-04-27,T040,P28,2,1
2026-04-27,T041,P03,2,2
2026-04-27,T042,P08,2,2
2026-04-27,T043,P13,2,1
2026-04-27,T044,P18,2,2
2026-04-27,T045,P23,2,2
2026-04-27,T046,P28,2,1
2026-04-27,T047,P03,2,2
2026-04-27,T048,P08,2,2
2026-04-27,T049,P04,2,1
2026-04-27,T050,P09,2,2
2026-04-27,T051,P14,2,2
2026-04-27,T052,P19,3,1
2026-04-27,T053,P24,2,1
2026-04-27,T054,P29,2,2
2026-04-27,T055,P04,3,3
2026-04-27,T056,P09,3,3
2026-04-27,T057,P14,3,2
2026-04-27,T058,P19,2,1
2026-04-27,T059,P24,2,2
2026-04-27,T060,P29,3,1
2026-04-27,T061,P05,2,0
2026-04-27,T062,P10,2,2
2026-04-27,T063,P15,2,1
2026-04-27,T064,P20,2,2
2026-04-27,T065,P25,2,1
2026-04-27,T066,P30,2,2
2026-04-27,T067,P05,2,2
2026-04-27,T068,P10,2,2
2026-04-27,T069,P15,2,2
2026-04-27,T070,P20,3,3
2026-04-27,T071,P25,3,1
2026-04-27,T072,P30,2,2
2026-05-04,T001,P01,3,1
2026-05-04,T002,P06,2,2
2026-05-04,T003,P11,2,2
2026-05-04,T004,P16,2,2
2026-05-04,T005,P21,2,1
2026-05-04,T006,P26,2,0
2026-05-04,T007,P01,2,1
2026-05-04,T008,P06,2,2
2026-05-04,T009,P11,2,2
2026-05-04,T010,P16,2,2
2026-05-04,T011,P21,3,3
2026-05-04,T012,P26,2,2
2026-05-04,T013,P01,2,1
2026-05-04,T014,P06,2,1
2026-05-04,T015,P11,2,2
2026-05-04,T016,P16,2,1
2026-05-04,T017,P21,2,0
2026-05-04,T018,P26,2,1
2026-05-04,T019,P02,2,1
2026-05-04,T020,P07,2,2
2026-05-04,T021,P12,2,2
2026-05-04,T022,P17,3,2
2026-05-04,T023,P22,3,2
2026-05-04,T024,P27,2,0
2026-05-04,T025,P02,2,2
2026-05-04,T026,P07,2,2
2026-05-04,T027,P12,3,1
2026-05-04,T028,P17,2,2
2026-05-04,T029,P22,3,2
2026-05-04,T030,P27,2,1
2026-05-04,T031,P02,2,1
2026-05-04,T032,P07,2,0
2026-05-04,T033,P12,2,2
2026-05-04,T034,P17,2,2
2026-05-04,T035,P03,2,1
2026-05-04,T036,P08,3,2
2026-05-04,T037,P13,2,2
2026-05-04,T038,P18,2,2
2026-05-04,T039,P23,2,2
2026-05-04,T040,P28,2,2
2026-05-04,T041,P03,2,1
2026-05-04,T042,P08,2,2
2026-05-04,T043,P13,2,1
2026-05-04,T044,P18,2,2
2026-05-04,T045,P23,2,2
2026-05-04,T046,P28,2,1
2026-05-04,T047,P03,2,2
2026-05-04,T048,P08,2,2
2026-05-04,T049,P04,2,1
2026-05-04,T050,P09,2,1
2026-05-04,T051,P14,2,2
2026-05-04,T052,P19,3,1
2026-05-04,T053,P24,2,2
2026-05-04,T054,P29,2,2
2026-05-04,T055,P04,3,3
2026-05-04,T056,P09,3,2
2026-05-04,T057,P14,3,2
2026-05-04,T058,P19,2,1
2026-05-04,T059,P24,2,2
2026-05-04,T060,P29,3,3
2026-05-04,T061,P05,2,1
2026-05-04,T062,P10,2,2
2026-05-04,T063,P15,2,2
2026-05-04,T064,P20,2,1
2026-05-04,T065,P25,2,2
2026-05-04,T066,P30,2,2
2026-05-04,T067,P05,2,1
2026-05-04,T068,P10,2,2
2026-05-04,T069,P15,2,1
2026-05-04,T070,P20,3,3
2026-05-04,T071,P25,3,3
2026-05-04,T072,P30,2,2
2026-05-11,T001,P01,3,3
2026-05-11,T002,P06,2,2
2026-05-11,T003,P11,2,2
2026-05-11,T004,P16,2,2
2026-05-11,T005,P21,2,2
2026-05-11,T006,P26,2,1
2026-05-11,T007,P01,2,2
2026-05-11,T008,P06,2,2
2026-05-11,T009,P11,2,1
2026-05-11,T010,P16,2,2
2026-05-11,T011,P21,3,1
2026-05-11,T012,P26,2,0
2026-05-11,T013,P01,2,2
2026-05-11,T014,P06,2,2
2026-05-11,T015,P11,2,2
2026-05-11,T016,P16,2,2
2026-05-11,T017,P21,2,1
2026-05-11,T018,P26,2,0
2026-05-11,T019,P02,2,2
2026-05-11,T020,P07,2,2
2026-05-11,T021,P12,2,2
2026-05-11,T022,P17,3,3
2026-05-11,T023,P22,3,2
2026-05-11,T024,P27,2,1
2026-05-11,T025,P02,2,1
2026-05-11,T026,P07,2,2
2026-05-11,T027,P12,3,3
2026-05-11,T028,P17,2,2
2026-05-11,T029,P22,3,2
2026-05-11,T030,P27,2,1
2026-05-11,T031,P02,2,2
2026-05-11,T032,P07,2,2
2026-05-11,T033,P12,2,0
2026-05-11,T034,P17,2,2
2026-05-11,T035,P03,2,1
2026-05-11,T036,P08,3,3
2026-05-11,T037,P13,2,2
2026-05-11,T038,P18,2,2
2026-05-11,T039,P23,2,2
2026-05-11,T040,P28,2,2
2026-05-11,T041,P03,2,1
2026-05-11,T042,P08,2,2
2026-05-11,T043,P13,2,2
2026-05-11,T044,P18,2,2
2026-05-11,T045,P23,2,2
2026-05-11,T046,P28,2,2
2026-05-11,T047,P03,2,1
2026-05-11,T048,P08,2,1
2026-05-11,T049,P04,2,1
2026-05-11,T050,P09,2,2
2026-05-11,T051,P14,2,2
2026-05-11,T052,P19,3,0
2026-05-11,T053,P24,2,2
2026-05-11,T054,P29,2,2
2026-05-11,T055,P04,3,3
2026-05-11,T056,P09,3,2
2026-05-11,T057,P14,3,1
2026-05-11,T058,P19,2,0
2026-05-11,T059,P24,2,1
2026-05-11,T060,P29,3,3
2026-05-11,T061,P05,2,0
2026-05-11,T062,P10,2,0
2026-05-11,T063,P15,2,0
2026-05-11,T064,P20,2,2
2026-05-11,T065,P25,2,2
2026-05-11,T066,P30,2,1
2026-05-11,T067,P05,2,1
2026-05-11,T068,P10,2,1
2026-05-11,T069,P15,2,1
2026-05-11,T070,P20,3,3
2026-05-11,T071,P25,3,2
2026-05-11,T072,P30,2,2
2026-05-18,T001,P01,3,3
2026-05-18,T002,P06,2,2
2026-05-18,T003,P11,2,1
2026-05-18,T004,P16,2,2
2026-05-18,T005,P21,2,2
2026-05-18,T006,P26,2,2
2026-05-18,T007,P01,2,1
2026-05-18,T008,P06,2,1
2026-05-18,T009,P11,2,2
2026-05-18,T010,P16,2,2
2026-05-18,T011,P21,3,3
2026-05-18,T012,P26,2,1
2026-05-18,T013,P01,2,2
2026-05-18,T014,P06,2,2
2026-05-18,T015,P11,2,2
2026-05-18,T016,P16,2,2
2026-05-18,T017,P21,2,1
2026-05-18,T018,P26,2,1
2026-05-18,T019,P02,2,1
2026-05-18,T020,P07,2,2
2026-05-18,T021,P12,2,1
2026-05-18,T022,P17,3,3
2026-05-18,T023,P22,3,2
2026-05-18,T024,P27,2,1
2026-05-18,T025,P02,2,2
2026-05-18,T026,P07,2,2
2026-05-18,T027,P12,3,3
2026-05-18,T028,P17,2,2
2026-05-18,T029,P22,3,2
2026-05-18,T030,P27,2,1
2026-05-18,T031,P02,2,1
2026-05-18,T032,P07,2,2
2026-05-18,T033,P12,2,2
2026-05-18,T034,P17,2,2
2026-05-18,T035,P03,2,0
2026-05-18,T036,P08,3,3
2026-05-18,T037,P13,2,1
2026-05-18,T038,P18,2,2
2026-05-18,T039,P23,2,2
2026-05-18,T040,P28,2,2
2026-05-18,T041,P03,2,1
2026-05-18,T042,P08,2,2
2026-05-18,T043,P13,2,1
2026-05-18,T044,P18,2,2
2026-05-18,T045,P23,2,2
2026-05-18,T046,P28,2,2
2026-05-18,T047,P03,2,1
2026-05-18,T048,P08,2,2
2026-05-18,T049,P04,2,0
2026-05-18,T050,P09,2,2
2026-05-18,T051,P14,2,2
2026-05-18,T052,P19,3,3
2026-05-18,T053,P24,2,2
2026-05-18,T054,P29,2,2
2026-05-18,T055,P04,3,2
2026-05-18,T056,P09,3,3
2026-05-18,T057,P14,3,1
2026-05-18,T058,P19,2,2
2026-05-18,T059,P24,2,1
2026-05-18,T060,P29,3,3
2026-05-18,T061,P05,2,1
2026-05-18,T062,P10,2,2
2026-05-18,T063,P15,2,1
2026-05-18,T064,P20,2,2
2026-05-18,T065,P25,2,2
2026-05-18,T066,P30,2,2
2026-05-18,T067,P05,2,0
2026-05-18,T068,P10,2,2
2026-05-18,T069,P15,2,0
2026-05-18,T070,P20,3,3
2026-05-18,T071,P25,3,3
2026-05-18,T072,P30,2,2
2026-05-25,T001,P01,3,2
2026-05-25,T002,P06,2,2
2026-05-25,T003,P11,2,2
2026-05-25,T004,P16,2,1
2026-05-25,T005,P21,2,1
2026-05-25,T006,P26,2,1
2026-05-25,T007,P01,2,0
2026-05-25,T008,P06,2,2
2026-05-25,T009,P11,2,2
2026-05-25,T010,P16,2,1
2026-05-25,T011,P21,3,3
2026-05-25,T012,P26,2,0
2026-05-25,T013,P01,2,2
2026-05-25,T014,P06,2,2
2026-05-25,T015,P11,2,1
2026-05-25,T016,P16,2,2
2026-05-25,T017,P21,2,1
2026-05-25,T018,P26,2,2
2026-05-25,T019,P02,2,2
2026-05-25,T020,P07,2,2
2026-05-25,T021,P12,2,1
2026-05-25,T022,P17,3,2
2026-05-25,T023,P22,3,3
2026-05-25,T024,P27,2,1
2026-05-25,T025,P02,2,1
2026-05-25,T026,P07,2,1
2026-05-25,T027,P12,3,3
2026-05-25,T028,P17,2,2
2026-05-25,T029,P22,3,2
2026-05-25,T030,P27,2,2
2026-05-25,T031,P02,2,2
2026-05-25,T032,P07,2,1
2026-05-25,T033,P12,2,2
2026-05-25,T034,P17,2,2
2026-05-25,T035,P03,2,0
2026-05-25,T036,P08,3,3
2026-05-25,T037,P13,2,1
2026-05-25,T038,P18,2,2
2026-05-25,T039,P23,2,2
2026-05-25,T040,P28,2,1
2026-05-25,T041,P03,2,2
2026-05-25,T042,P08,2,2
2026-05-25,T043,P13,2,2
2026-05-25,T044,P18,2,2
2026-05-25,T045,P23,2,1
2026-05-25,T046,P28,2,2
2026-05-25,T047,P03,2,1
2026-05-25,T048,P08,2,2
2026-05-25,T049,P04,2,2
2026-05-25,T050,P09,2,2
2026-05-25,T051,P14,2,2
2026-05-25,T052,P19,3,2
2026-05-25,T053,P24,2,1
2026-05-25,T054,P29,2,2
2026-05-25,T055,P04,3,1
2026-05-25,T056,P09,3,3
2026-05-25,T057,P14,3,2
2026-05-25,T058,P19,2,0
2026-05-25,T059,P24,2,2
2026-05-25,T060,P29,3,3
2026-05-25,T061,P05,2,0
2026-05-25,T062,P10,2,2
2026-05-25,T063,P15,2,2
2026-05-25,T064,P20,2,2
2026-05-25,T065,P25,2,1
2026-05-25,T066,P30,2,2
2026-05-25,T067,P05,2,1
2026-05-25,T068,P10,2,2
2026-05-25,T069,P15,2,1
2026-05-25,T070,P20,3,3
2026-05-25,T071,P25,3,2
2026-05-25,T072,P30,2,1
2026-06-01,T001,P01,3,2
2026-06-01,T002,P06,2,1
2026-06-01,T003,P11,2,2
2026-06-01,T004,P16,2,0
2026-06-01,T005,P21,2,1
2026-06-01,T006,P26,2,2
2026-06-01,T007,P01,2,1
2026-06-01,T008,P06,2,2
2026-06-01,T009,P11,2,2
2026-06-01,T010,P16,2,2
2026-06-01,T011,P21,3,1
2026-06-01,T012,P26,2,0
2026-06-01,T013,P01,2,2
2026-06-01,T014,P06,2,1
2026-06-01,T015,P11,2,2
2026-06-01,T016,P16,2,2
2026-06-01,T017,P21,2,0
2026-06-01,T018,P26,2,2
2026-06-01,T019,P02,2,2
2026-06-01,T020,P07,2,0
2026-06-01,T021,P12,2,1
2026-06-01,T022,P17,3,2
2026-06-01,T023,P22,3,2
2026-06-01,T024,P27,2,2
2026-06-01,T025,P02,2,2
2026-06-01,T026,P07,2,2
2026-06-01,T027,P12,3,2
2026-06-01,T028,P17,2,1
2026-06-01,T029,P22,3,2
2026-06-01,T030,P27,2,1
2026-06-01,T031,P02,2,2
2026-06-01,T032,P07,2,1
2026-06-01,T033,P12,2,0
2026-06-01,T034,P17,2,2
2026-06-01,T035,P03,2,2
2026-06-01,T036,P08,3,3
2026-06-01,T037,P13,2,2
2026-06-01,T038,P18,2,2
2026-06-01,T039,P23,2,1
2026-06-01,T040,P28,2,2
2026-06-01,T041,P03,2,1
2026-06-01,T042,P08,2,2
2026-06-01,T043,P13,2,2
2026-06-01,T044,P18,2,2
2026-06-01,T045,P23,2,2
2026-06-01,T046,P28,2,0
2026-06-01,T047,P03,2,2
2026-06-01,T048,P08,2,2
2026-06-01,T049,P04,2,1
2026-06-01,T050,P09,2,2
2026-06-01,T051,P14,2,1
2026-06-01,T052,P19,3,1
2026-06-01,T053,P24,2,2
2026-06-01,T054,P29,2,2
2026-06-01,T055,P04,3,1
2026-06-01,T056,P09,3,2
2026-06-01,T057,P14,3,2
2026-06-01,T058,P19,2,1
2026-06-01,T059,P24,2,1
2026-06-01,T060,P29,3,3
2026-06-01,T061,P05,2,1
2026-06-01,T062,P10,2,2
2026-06-01,T063,P15,2,2
2026-06-01,T064,P20,2,2
2026-06-01,T065,P25,2,2
2026-06-01,T066,P30,2,2
2026-06-01,T067,P05,2,1
2026-06-01,T068,P10,2,2
2026-06-01,T069,P15,2,2
2026-06-01,T070,P20,3,3
2026-06-01,T071,P25,3,3
2026-06-01,T072,P30,2,2
2026-06-08,T001,P01,3,3
2026-06-08,T002,P06,2,2
2026-06-08,T003,P11,2,2
2026-06-08,T004,P16,2,2
2026-06-08,T005,P21,2,1
2026-06-08,T006,P26,2,1
2026-06-08,T007,P01,2,2
2026-06-08,T008,P06,2,1
2026-06-08,T009,P11,2,2
2026-06-08,T010,P16,2,2
2026-06-08,T011,P21,3,3
2026-06-08,T012,P26,2,2
2026-06-08,T013,P01,2,1
2026-06-08,T014,P06,2,2
2026-06-08,T015,P11,2,2
2026-06-08,T016,P16,2,2
2026-06-08,T017,P21,2,1
2026-06-08,T018,P26,2,2
2026-06-08,T019,P02,2,2
2026-06-08,T020,P07,2,2
2026-06-08,T021,P12,2,1
2026-06-08,T022,P17,3,2
2026-06-08,T023,P22,3,2
2026-06-08,T024,P27,2,1
2026-06-08,T025,P02,2,1
2026-06-08,T026,P07,2,0
2026-06-08,T027,P12,3,2
2026-06-08,T028,P17,2,1
2026-06-08,T029,P22,3,1
2026-06-08,T030,P27,2,2
2026-06-08,T031,P02,2,2
2026-06-08,T032,P07,2,2
2026-06-08,T033,P12,2,0
2026-06-08,T034,P17,2,2
2026-06-08,T035,P03,2,2
2026-06-08,T036,P08,3,2
2026-06-08,T037,P13,2,1
2026-06-08,T038,P18,2,2
2026-06-08,T039,P23,2,2
2026-06-08,T040,P28,2,1
2026-06-08,T041,P03,2,2
2026-06-08,T042,P08,2,2
2026-06-08,T043,P13,2,1
2026-06-08,T044,P18,2,2
2026-06-08,T045,P23,2,2
2026-06-08,T046,P28,2,2
2026-06-08,T047,P03,2,2
2026-06-08,T048,P08,2,2
2026-06-08,T049,P04,2,2
2026-06-08,T050,P09,2,2
2026-06-08,T051,P14,2,2
2026-06-08,T052,P19,3,1
2026-06-08,T053,P24,2,2
2026-06-08,T054,P29,2,2
2026-06-08,T055,P04,3,2
2026-06-08,T056,P09,3,0
2026-06-08,T057,P14,3,2
2026-06-08,T058,P19,2,1
2026-06-08,T059,P24,2,2
2026-06-08,T060,P29,3,3
2026-06-08,T061,P05,2,1
2026-06-08,T062,P10,2,2
2026-06-08,T063,P15,2,2
2026-06-08,T064,P20,2,1
2026-06-08,T065,P25,2,2
2026-06-08,T066,P30,2,2
2026-06-08,T067,P05,2,1
2026-06-08,T068,P10,2,1
2026-06-08,T069,P15,2,2
2026-06-08,T070,P20,3,3
2026-06-08,T071,P25,3,2
2026-06-08,T072,P30,2,2
2026-06-15,T001,P01,3,1
2026-06-15,T002,P06,2,2
2026-06-15,T003,P11,2,1
2026-06-15,T004,P16,2,2
2026-06-15,T005,P21,2,1
2026-06-15,T006,P26,2,2
2026-06-15,T007,P01,2,2
2026-06-15,T008,P06,2,2
2026-06-15,T009,P11,2,2
2026-06-15,T010,P16,2,1
2026-06-15,T011,P21,3,1
2026-06-15,T012,P26,2,1
2026-06-15,T013,P01,2,1
2026-06-15,T014,P06,2,1
2026-06-15,T015,P11,2,2
2026-06-15,T016,P16,2,2
2026-06-15,T017,P21,2,2
2026-06-15,T018,P26,2,2
2026-06-15,T019,P02,2,2
2026-06-15,T020,P07,2,1
2026-06-15,T021,P12,2,2
2026-06-15,T022,P17,3,2
2026-06-15,T023,P22,3,3
2026-06-15,T024,P27,2,1
2026-06-15,T025,P02,2,2
2026-06-15,T026,P07,2,1
2026-06-15,T027,P12,3,2
2026-06-15,T028,P17,2,2
2026-06-15,T029,P22,3,2
2026-06-15,T030,P27,2,2
2026-06-15,T031,P02,2,2
2026-06-15,T032,P07,2,1
2026-06-15,T033,P12,2,2
2026-06-15,T034,P17,2,2
2026-06-15,T035,P03,2,2
2026-06-15,T036,P08,3,2
2026-06-15,T037,P13,2,0
2026-06-15,T038,P18,2,2
2026-06-15,T039,P23,2,2
2026-06-15,T040,P28,2,1
2026-06-15,T041,P03,2,1
2026-06-15,T042,P08,2,2
2026-06-15,T043,P13,2,1
2026-06-15,T044,P18,2,2
2026-06-15,T045,P23,2,1
2026-06-15,T046,P28,2,1
2026-06-15,T047,P03,2,2
2026-06-15,T048,P08,2,2
2026-06-15,T049,P04,2,1
2026-06-15,T050,P09,2,2
2026-06-15,T051,P14,2,1
2026-06-15,T052,P19,3,2
2026-06-15,T053,P24,2,1
2026-06-15,T054,P29,2,2
2026-06-15,T055,P04,3,1
2026-06-15,T056,P09,3,2
2026-06-15,T057,P14,3,2
2026-06-15,T058,P19,2,1
2026-06-15,T059,P24,2,2
2026-06-15,T060,P29,3,3
2026-06-15,T061,P05,2,2
2026-06-15,T062,P10,2,2
2026-06-15,T063,P15,2,1
2026-06-15,T064,P20,2,2
2026-06-15,T065,P25,2,2
2026-06-15,T066,P30,2,2
2026-06-15,T067,P05,2,1
2026-06-15,T068,P10,2,2
2026-06-15,T069,P15,2,1
2026-06-15,T070,P20,3,3
2026-06-15,T071,P25,3,3
2026-06-15,T072,P30,2,2
2026-06-22,T001,P01,3,3
2026-06-22,T002,P06,2,2
2026-06-22,T003,P11,2,2
2026-06-22,T004,P16,2,0
2026-06-22,T005,P21,2,2
2026-06-22,T006,P26,2,1
2026-06-22,T007,P01,2,2
2026-06-22,T008,P06,2,2
2026-06-22,T009,P11,2,2
2026-06-22,T010,P16,2,1
2026-06-22,T011,P21,3,2
2026-06-22,T012,P26,2,2
2026-06-22,T013,P01,2,2
2026-06-22,T014,P06,2,2
2026-06-22,T015,P11,2,2
2026-06-22,T016,P16,2,1
2026-06-22,T017,P21,2,1
2026-06-22,T018,P26,2,0
2026-06-22,T019,P02,2,2
2026-06-22,T020,P07,2,2
2026-06-22,T021,P12,2,0
2026-06-22,T022,P17,3,3
2026-06-22,T023,P22,3,2
2026-06-22,T024,P27,2,1
2026-06-22,T025,P02,2,2
2026-06-22,T026,P07,2,2
2026-06-22,T027,P12,3,2
2026-06-22,T028,P17,2,2
2026-06-22,T029,P22,3,2
2026-06-22,T030,P27,2,1
2026-06-22,T031,P02,2,2
2026-06-22,T032,P07,2,2
2026-06-22,T033,P12,2,2
2026-06-22,T034,P17,2,2
2026-06-22,T035,P03,2,2
2026-06-22,T036,P08,3,3
2026-06-22,T037,P13,2,2
2026-06-22,T038,P18,2,2
2026-06-22,T039,P23,2,2
2026-06-22,T040,P28,2,1
2026-06-22,T041,P03,2,2
2026-06-22,T042,P08,2,1
2026-06-22,T043,P13,2,1
2026-06-22,T044,P18,2,1
2026-06-22,T045,P23,2,2
2026-06-22,T046,P28,2,1
2026-06-22,T047,P03,2,2
2026-06-22,T048,P08,2,2
2026-06-22,T049,P04,2,1
2026-06-22,T050,P09,2,0
2026-06-22,T051,P14,2,0
2026-06-22,T052,P19,3,1
2026-06-22,T053,P24,2,2
2026-06-22,T054,P29,2,2
2026-06-22,T055,P04,3,3
2026-06-22,T056,P09,3,3
2026-06-22,T057,P14,3,2
2026-06-22,T058,P19,2,1
2026-06-22,T059,P24,2,2
2026-06-22,T060,P29,3,3
2026-06-22,T061,P05,2,1
2026-06-22,T062,P10,2,2
2026-06-22,T063,P15,2,2
2026-06-22,T064,P20,2,2
2026-06-22,T065,P25,2,1
2026-06-22,T066,P30,2,2
2026-06-22,T067,P05,2,0
2026-06-22,T068,P10,2,2
2026-06-22,T069,P15,2,1
2026-06-22,T070,P20,3,3
2026-06-22,T071,P25,3,3
2026-06-22,T072,P30,2,2
2026-06-29,T001,P01,3,3
2026-06-29,T002,P06,2,1
2026-06-29,T003,P11,2,2
2026-06-29,T004,P16,2,0
2026-06-29,T005,P21,2,1
2026-06-29,T006,P26,2,0
2026-06-29,T007,P01,2,1
2026-06-29,T008,P06,2,1
2026-06-29,T009,P11,2,2
2026-06-29,T010,P16,2,2
2026-06-29,T011,P21,3,1
2026-06-29,T012,P26,2,2
2026-06-29,T013,P01,2,1
2026-06-29,T014,P06,2,1
2026-06-29,T015,P11,2,1
2026-06-29,T016,P16,2,1
2026-06-29,T017,P21,2,1
2026-06-29,T018,P26,2,2
2026-06-29,T019,P02,2,2
2026-06-29,T020,P07,2,2
2026-06-29,T021,P12,2,1
2026-06-29,T022,P17,3,2
2026-06-29,T023,P22,3,2
2026-06-29,T024,P27,2,2
2026-06-29,T025,P02,2,2
2026-06-29,T026,P07,2,2
2026-06-29,T027,P12,3,3
2026-06-29,T028,P17,2,1
2026-06-29,T029,P22,3,3
2026-06-29,T030,P27,2,1
2026-06-29,T031,P02,2,2
2026-06-29,T032,P07,2,2
2026-06-29,T033,P12,2,2
2026-06-29,T034,P17,2,1
2026-06-29,T035,P03,2,1
2026-06-29,T036,P08,3,3
2026-06-29,T037,P13,2,2
2026-06-29,T038,P18,2,2
2026-06-29,T039,P23,2,2
2026-06-29,T040,P28,2,2
2026-06-29,T041,P03,2,2
2026-06-29,T042,P08,2,2
2026-06-29,T043,P13,2,2
2026-06-29,T044,P18,2,2
2026-06-29,T045,P23,2,1
2026-06-29,T046,P28,2,1
2026-06-29,T047,P03,2,2
2026-06-29,T048,P08,2,2
2026-06-29,T049,P04,2,1
2026-06-29,T050,P09,2,1
2026-06-29,T051,P14,2,2
2026-06-29,T052,P19,3,1
2026-06-29,T053,P24,2,2
2026-06-29,T054,P29,2,2
2026-06-29,T055,P04,3,3
2026-06-29,T056,P09,3,2
2026-06-29,T057,P14,3,2
2026-06-29,T058,P19,2,0
2026-06-29,T059,P24,2,1
2026-06-29,T060,P29,3,3
2026-06-29,T061,P05,2,0
2026-06-29,T062,P10,2,1
2026-06-29,T063,P15,2,2
2026-06-29,T064,P20,2,2
2026-06-29,T065,P25,2,2
2026-06-29,T066,P30,2,2
2026-06-29,T067,P05,2,2
2026-06-29,T068,P10,2,2
2026-06-29,T069,P15,2,1
2026-06-29,T070,P20,3,3
2026-06-29,T071,P25,3,3
2026-06-29,T072,P30,2,2
